mission,event,met_time,value,unit,description,source_doc,source_section,confidence
Apollo 13,S-II center engine early cutoff,~00:05:32,132,seconds early,"Center engine of S-II shut down ~132 sec early (structural/POGO); remaining 4 engines burned ~34 sec longer than predicted",Apollo 13 Mission Report (MSC-02680),Sec 4.0 / 8.3,CONFIRMED-PRIMARY
Apollo 13,Earth parking orbit insertion,00:12:30,"102.6 x 100.1",statute miles,"Actual apogee/perigee at insertion; velocity 25,565 ft/sec",Apollo 13 Mission Report (MSC-02680),Sec 8.3,CONFIRMED-PRIMARY
Apollo 13,Translunar Injection (TLI),02:35:46.4 (ignition) - 02:41:37.2 (cutoff),1.2,ft/sec,S-IVB TLI cutoff velocity within 1.2 ft/sec of planned; entry monitor system confirmed within 3 ft/sec,Apollo 13 Mission Report (MSC-02680),Sec 4.0 / 8.5,CONFIRMED-PRIMARY
Apollo 13,Pericynthion altitude after TLI (pre-midcourse),,415.8,statute miles,"High-pericynthion free-return translunar profile achieved by S-IVB targeting, before the first midcourse maneuver lowered it",Apollo 13 Mission Report (MSC-02680),Sec 4.0,CONFIRMED-PRIMARY
Apollo 13,First midcourse correction (to non-free-return),30:40:49.65 - 30:40:53.14,23.2,ft/sec,"SPS burn, 3.49 sec duration, intentionally placed spacecraft on non-free-return (landing) trajectory",Apollo 13 Mission Report (MSC-02680),Sec 4.0 / 5.6,CONFIRMED-PRIMARY
Apollo 13,Cryogenic oxygen tank incident,~55:54:53,,,"Loud noise / master alarm; oxygen tank 2 pressure loss within ~100 sec; primary electrical power lost",Apollo 13 Mission Report (MSC-02680),Sec 1.0 / 8.7.3,CONFIRMED-PRIMARY
Apollo 13,Second midcourse correction (restore free-return),61:29:43.49 - 61:30:17.72,"34.2 (table) / 38 (narrative text)",seconds / ft-per-sec,"DPS burn duration 34.2-34.3 sec (NOT the commonly cited '35 seconds'); velocity change reported as 37.8 ft/sec in maneuver table vs 38 ft/sec in narrative text (rounding)",Apollo 13 Mission Report (MSC-02680),Sec 4.0 / 6.6 / Table 4-III,CONFIRMED-PRIMARY
Apollo 13,Second midcourse - resultant pericynthion altitude,,PENDING-OCR,statute miles,"Table 4-III value garbled in OCR extraction (shows partial figures); widely-cited secondary value is ~156 mi / 251 km but this needs verification directly against the table image before use",Apollo 13 Mission Report (MSC-02680),Table 4-III,TO_BE_RE-VERIFIED
Apollo 13,Predicted landing point if no further burn,,152,hours MET,"Second midcourse alone would have produced Indian Ocean splashdown near Mauritius at ~152 hr",Apollo 13 Mission Report (MSC-02680),Sec 4.0,CONFIRMED-PRIMARY
Apollo 13,Transearth Injection / PC+2 burn,79:27:38.95 - 79:32:02.77,860.5,ft/sec,"DPS burn, 263.8 sec duration (~4.4 min), performed 2 hr after pericynthion; shortened transearth transit by ~9 hr; moved predicted splashdown to Pacific at 142:53:00",Apollo 13 Mission Report (MSC-02680),Sec 4.0 / 6.6,CONFIRMED-PRIMARY
Apollo 13,First transearth midcourse correction,105:18:28,7.8,ft/sec,"DPS burn at 10% throttle, ~14 sec duration; raised entry flight-path angle to -6.52 deg",Apollo 13 Mission Report (MSC-02680),Sec 4.0 / 6.6,CONFIRMED-PRIMARY
Apollo 13,Fourth (final) midcourse correction,137:39:51.5,,,"LM RCS burn ~5 hr before entry, small flight-path-angle adjustment",Apollo 13 Mission Report (MSC-02680),Sec 4.0 / Table 4-III,CONFIRMED-PRIMARY
Apollo 13,Service module separation,~138:00 (4hr45min before entry),,,"SM jettisoned using LM RCS",Apollo 13 Mission Report (MSC-02680),Sec 3.0,CONFIRMED-PRIMARY
Apollo 13,LM/CM undocking,~141:43 (70 min before entry),,,Undocking via docking-tunnel pressure for separation velocity,Apollo 13 Mission Report (MSC-02680),Sec 3.0,CONFIRMED-PRIMARY
Apollo 13,Entry interface & splashdown,142:54:41,,,"Landing ~1 mile from target, 21 deg 38.4 min S / 165 deg 21.7 min W, Pacific Ocean",Apollo 13 Mission Report (MSC-02680),Sec 3.0,CONFIRMED-PRIMARY
Apollo 13,SPS propellant (only used for 1st midcourse),,"loaded 15685 fuel/40769 ox; consumed 92.3 fuel/239.3 ox",lb,"SPS fired only once (first midcourse, 3.49 sec) - by far the smallest SPS usage of any Apollo mission",Apollo 13 Mission Report (MSC-02680),Sec 7.1.1,CONFIRMED-PRIMARY
Apollo 13,SM RCS propellant total consumption,,286,lb,"vs. 178 lb preflight planned; higher due to venting-induced thruster activity after the incident",Apollo 13 Mission Report (MSC-02680),Sec 5.7.1 / 7.1.2,CONFIRMED-PRIMARY
Apollo 13,LM RCS propellant total consumption,,467,lb,Total reaction control propellant consumed by LM RCS system after activation at ~58 hr,Apollo 13 Mission Report (MSC-02680),Sec 6.5,CONFIRMED-PRIMARY
Apollo 13,LM Descent Propulsion System (DPS) propellant,,"loaded 11350.9 fuel/18434.5 ox = 29785.4 total; consumed ~5071.4 fuel/8342.9 ox = ~13414.3 total; remaining at undocking 6233.5 fuel/10091.6 ox = 16325.1 total",lb,"DPS used for all 3 major post-abort burns (return-to-free-return, TEI/PC+2, first transearth MCC); more than half the initial propellant load remained at undocking - confirms LM had ample propulsive margin for the rescue",Apollo 13 Mission Report (MSC-02680),Sec 6.6 / 7.2.1,CONFIRMED-PRIMARY
Apollo 13,LM electrical energy transferred to CM (for entry batteries),,~129,ampere-hours,Energy transferred from LM batteries to recharge CM entry batteries during the return,Apollo 13 Mission Report (MSC-02680),Sec 7.2.5,CONFIRMED-PRIMARY
Apollo 13,LM oxygen usage (abort phase),,20.3,lb over 82 hr,Average usage rate 0.25 lb/hr; 33.5 lb remaining at undocking,Apollo 13 Mission Report (MSC-02680),Sec 6.7,CONFIRMED-PRIMARY